Statement of Account  from 24-03-2024 to 24-04-2024,,,,,
Date,Particulars,Chq. No.,Withdrawals,Deposits,Balance
Statement of Account  from 24-03-2024 to 24-04-2024,,,,,
Date,Particulars,Chq. No.,Withdrawals,Deposits,Balance
Statement of Account  from 24-03-2024 to 24-04-2024,,,,,
Date,Particulars,Chq. No.,Withdrawals,Deposits,Balance
Statement of Account  from 24-03-2024 to 24-04-2024,,,,,
Date,Particulars,Chq. No.,Withdrawals,Deposits,Balance
Statement of Account  from 24-03-2024 to 24-04-2024,,,,,
Date,Particulars,Chq. No.,Withdrawals,Deposits,Balance
Statement of Account  from 24-03-2024 to 24-04-2024,,,,,
Date,Particulars,Chq. No.,Withdrawals,Deposits,Balance
Statement of Account  from 24-03-2024 to 24-04-2024,,,,,
Date,Particulars,Chq. No.,Withdrawals,Deposits,Balance
Statement of Account  from 24-03-2024 to 24-04-2024,,,,,
Date,Particulars,Chq. No.,Withdrawals,Deposits,Balance
"23-04-202423-04-202423-04-2024","MPAY/UPI/TRTR/448004105247/ICIC/samakshgupta04@/UMPAY/UPI/TRTR/411411372062/YESB/paytmqrzelvz00z/UMPAY/UPI/TRTR/411411595339/YESB/q813942509@ybl/UP",,"30.0030.00",60.00,"106.6776.6746.67"
