Statement of Account from 24-03-2024 to 24-04-2024,,,,,
Date,Particulars,Chq. No.,Withdrawals,Deposits,Balance
Statement of Account from 24-03-2024 to 24-04-2024,,,,,
Date,Particulars,Chq. No.,Withdrawals,Deposits,Balance
Statement of Account from 24-03-2024 to 24-04-2024,,,,,
Date,Particulars,Chq. No.,Withdrawals,Deposits,Balance
Statement of Account from 24-03-2024 to 24-04-2024,,,,,
Date,Particulars,Chq. No.,Withdrawals,Deposits,Balance
Statement of Account from 24-03-2024 to 24-04-2024,,,,,
Date,Particulars,Chq. No.,Withdrawals,Deposits,Balance
Statement of Account from 24-03-2024 to 24-04-2024,,,,,
Date,Particulars,Chq. No.,Withdrawals,Deposits,Balance
Statement of Account from 24-03-2024 to 24-04-2024,,,,,
Date,Particulars,Chq. No.,Withdrawals,Deposits,Balance
Statement of Account from 24-03-2024 to 24-04-2024,,,,,
Date,Particulars,Chq. No.,Withdrawals,Deposits,Balance
